<?xml version="1.0" encoding="UTF-8" standalone="no"?>
<!DOCTYPE mapper PUBLIC "-//mybatis.org//DTD Mapper 3.0//EN" "http://mybatis.org/dtd/mybatis-3-mapper.dtd">

<mapper namespace="data.mapper.ReBoardMapperInter">
    <select id="getMaxNum" resultType="int">
        select ifnull(max(num),0) max from where reboard
    </select>
    <update id="updateRestep" parameterType="Map">
--         update reboard set restep=restep+1 where regroup=#{regroup} and restep>#{restep}
        update reboard set restep=restep+1 where regroup=#{regroup} and restep&gt;#{restep}
    </update>
    <insert id="insertBoard" parameterType="ReBoardDto">
        insert into reboard (writer,myid,subject,uploadphoto,content,regroup,restep,relevel,writeday) values (#{writer},#{myid},#{subject},#{uploadphoto},#{content},#{regroup},#{restep},#{relevel},now())
        <selectKey keyProperty="num" resultType="int" order="AFTER">
            SELECT LAST_INSERT_ID()
        </selectKey>
    </insert>
    <select id="getTotalCount" resultType="int">
        select count(*) from reboard
    </select>
    <select id="getPagingList" resultType="ReBoardDto" parameterType="Map">
        select * from reboard order by regroup desc,restep asc limit #{start},#{perpage}
    </select>
    <update id="updateReadCount" parameterType="int">
        update reboard set readcount=recount+1 where num=#{num}
    </update>
    <select id="getData" parameterType="int" resultType="ReBoardDto">
        select * from reboard where num=#{num}
    </select>
</mapper>